,video_card_name,pasmark_gd3_mark,rank,videocard_value,price_usd
0,Barco MXRT 2600,900,1418,4.52,$199.00 
1,Barco MXRT 5400,1161,1275,5.72,$203.00 
2,Barco MXRT 5450,1079,1307,5.4,$199.99 
3,Barco MXRT 5500,2701,787,9.04,$299.00 
4,Barco MXRT 5600,2465,828,3.5,$704.00 
5,Barco MXRT 7400,900,1417,9.1,$99.00 
6,Barco MXRT 7500,3753,642,12.55,$299.00 
7,Barco MXRT 7600,4943,536,8.2,$602.59 
8,Dell 8100,2,2800,0,$999.11 
9,EAH5450,134,2266,1.22,$109.99 
10,FireGL V3600,179,2178,1.12,$160.99 
11,FireGL V5100,92,2383,0.81,$114.96 
12,FireGL V5200,114,2319,0.86,$133.40 
13,FireGL V5600,341,2003,1.52,$225.00 
14,FireGL V7100,71,2436,0.22,$328.67 
15,FireGL V7300,128,2280,0.11,"$1,189.99 "
16,FireGL V7350,110,2332,0.93,$119.42 
17,FireGL V7700,660,1630,9.43,$69.99 
18,FireGL V8650,550,1782,1.84,$298.99 
19,FireMV 2200 PCIe,36,2561,0.4,$89.99 
20,FireMV 2250,45,2517,0.44,$104.00 
21,FireMV 2260,117,2308,1.33,$88.08 
22,FirePro 3D V3700,178,2182,2.1,$84.99 
23,FirePro 3D V3750,341,2001,6.71,$50.88 
24,FirePro 3D V3800,472,1885,3.15,$149.99 
25,FirePro 3D V4800,853,1447,5.33,$159.99 
26,FirePro 3D V5700,546,1787,1.71,$319.99 
27,FirePro 3D V5800,1231,1242,6.04,$204.00 
28,FirePro 3D V7750,545,1790,1.56,$350.00 
29,FirePro 3D V7800,1867,1008,3.11,$599.99 
30,FirePro 3D V8700,1206,1253,7.09,$170.07 
31,FirePro 3D V8750,1271,1227,1.03,"$1,230.99 "
32,FirePro 3D V8800,2437,832,5.74,$424.99 
33,FirePro 3D V9800,2811,767,1.13,"$2,499.00 "
34,FirePro 2270,142,2241,1.06,$134.00 
35,FirePro 2450,51,2498,0.57,$89.99 
36,FirePro 2460,170,2192,2.03,$83.99 
37,FirePro M4000,1598,1118,21.95,$72.83 
38,FirePro M6000,1820,1026,5.58,$325.99 
39,FirePro R5000,2646,794,24.06,$109.99 
40,FirePro RG220,335,2010,0.52,$650.18 
41,FirePro S7000,4523,570,18.35,$246.54 
42,FirePro S7150,3770,641,2.22,"$1,697.99 "
43,FirePro V3800,320,2028,2.57,$124.99 
44,FirePro V3900,630,1674,2.64,$238.44 
45,FirePro V4900,1003,1350,6.69,$149.99 
46,FirePro V5700,464,1894,2.47,$188.06 
47,FirePro V5800,1184,1262,22.35,$53.00 
48,FirePro V5900,1232,1241,14.33,$86.00 
49,FirePro V7800,2028,950,10.68,$190.00 
50,FirePro V7900,2260,882,11.9,$190.00 
51,FirePro V8700,1538,1143,9.75,$157.88 
52,FirePro V8800,2280,874,11.52,$198.00 
53,FirePro V9800,2726,781,5.75,$474.00 
54,FirePro W600,1694,1069,4.08,$414.99 
55,FirePro W2100,849,1452,14.39,$59.00 
56,FirePro W4100,1488,1160,8.09,$184.00 
57,FirePro W4300,2717,784,11.32,$239.99 
58,FirePro W5000,2967,748,16.13,$184.00 
59,FirePro W5100,2972,747,23.6,$125.99 
60,FirePro W7000,4315,595,15.52,$278.05 
61,FirePro W7100,5034,529,12.93,$389.30 
62,FirePro W8000,4259,600,7.43,$573.00 
63,FirePro W8100,6812,399,9.68,$704.00 
64,FirePro W9000,6144,439,7.27,$845.00 
65,FirePro W9100,7747,367,4.48,"$1,729.99 "
66,GeForce4 Ti 4600,5,2706,0.1,$53.99 
67,GeForce 210,138,2252,2.56,$54.15 
68,GeForce 256,5,2713,0.12,$42.04 
69,GeForce 310,144,2237,1.33,$108.35 
70,GeForce 315,196,2158,5.95,$32.99 
71,GeForce 405,117,2307,4.79,$24.64 
72,GeForce 505,143,2238,1.25,$115.06 
73,GeForce 510,290,2052,4.15,$69.99 
74,GeForce 605,331,2016,2.42,$136.83 
75,GeForce 770M,3245,705,18.34,$176.99 
76,GeForce 6150,21,2627,0.07,$329.00 
77,GeForce 6200,37,2555,0.71,$53.17 
78,GeForce 6200 LE,32,2583,0.8,$41.24 
79,GeForce 6200A,3,2758,0.07,$54.99 
80,GeForce 6600,85,2396,0.33,$264.00 
81,GeForce 6600 GT,142,2240,2.2,$64.95 
82,GeForce 6800,112,2326,0.2,$559.29 
83,GeForce 7300 GT,123,2293,0.82,$149.99 
84,GeForce 7300 LE,81,2411,2.56,$32.00 
85,GeForce 7600 GS,166,2201,1.48,$112.51 
86,GeForce 7600 GT,234,2112,1.18,$199.00 
87,GeForce 7800 GT,244,2103,3.05,$80.00 
88,GeForce 7800 GTX,268,2077,3.75,$71.60 
89,GeForce 7900 GT,258,2091,1.3,$199.00 
90,GeForce 7950 GT,346,1999,1.45,$239.42 
91,GeForce 7950 GX2,267,2078,4.86,$54.99 
92,GeForce 8300,101,2359,4.48,$22.68 
93,GeForce 8400,81,2415,0.14,$589.99 
94,GeForce 8400 GS,166,2200,1.94,$85.97 
95,GeForce 8400M GS,103,2352,1.32,$78.20 
96,GeForce 8600 GT,141,2243,0.72,$196.00 
97,GeForce 8600 GTS,185,2174,0.77,$241.99 
98,GeForce 8600M GT,163,2208,1.51,$108.10 
99,GeForce 8800 GT,455,1899,2.13,$213.54 
100,GeForce 8800 GTS,405,1949,5.06,$79.99 
101,GeForce 8800 GTX,555,1774,4.63,$119.99 
102,GeForce 8800 Ultra,642,1657,0.89,$723.60 
103,GeForce 9300,126,2284,2.15,$59.00 
104,GeForce 9300 GE,109,2338,4.75,$22.99 
105,GeForce 9300 GS,102,2356,1.71,$59.95 
106,GeForce 9300GE,97,2369,1.01,$97.20 
107,GeForce 9300M GS,128,2278,2.96,$43.42 
108,GeForce 9400 GT,195,2160,2.97,$65.87 
109,GeForce 9500 GT,190,2170,2.21,$85.99 
110,GeForce 9500M,103,2351,1.02,$101.20 
111,GeForce 9600 GSO,323,2027,3.01,$107.39 
112,GeForce 9600 GT,472,1884,7.27,$64.99 
113,GeForce 9600M GT,163,2209,2.09,$78.20 
114,GeForce 9650M GT,137,2255,1.17,$117.30 
115,GeForce 9800 GT,447,1911,2.89,$154.74 
116,GeForce 9800 GTX,769,1528,10.26,$74.99 
117,GeForce 9800 GTX/9800 GTX+,570,1751,6.34,$89.99 
118,GeForce 9800 GX2,612,1698,3.14,$195.00 
119,GeForce 9800M GTX,454,1900,1.38,$328.50 
120,GeForce FX 5200,7,2676,0.06,$129.00 
121,GeForce FX 5200LE,7,2679,0.16,$42.99 
122,GeForce FX 5500,8,2668,0.05,$153.97 
123,GeForce G100,176,2185,8.83,$19.99 
124,GeForce G210,146,2230,1.2,$122.12 
125,GeForce GT 120,186,2173,6.23,$29.99 
126,GeForce GT 130,381,1967,2.52,$151.34 
127,GeForce GT 220,223,2121,5.59,$39.99 
128,GeForce GT 230,323,2026,7.35,$43.99 
129,GeForce GT 240,487,1862,3.03,$160.97 
130,GeForce GT 320,470,1887,14.38,$32.69 
131,GeForce GT 330,391,1958,9.79,$39.99 
132,GeForce GT 340,738,1563,13.93,$52.99 
133,GeForce GT 420,433,1921,2.8,$155.00 
134,GeForce GT 430,599,1710,4.28,$139.99 
135,GeForce GT 440,770,1527,3.42,$225.00 
136,GeForce GT 520,324,2023,1.07,$304.00 
137,GeForce GT 520M,284,2059,9.51,$29.95 
138,GeForce GT 530,658,1636,13.44,$49.00 
139,GeForce GT 540M,473,1883,5.39,$87.95 
140,GeForce GT 545,1114,1288,20.06,$55.59 
141,GeForce GT 555M,647,1648,3.65,$177.20 
142,GeForce GT 610,332,2014,2.37,$139.99 
143,GeForce GT 620,390,1959,2.54,$154.00 
144,GeForce GT 630,686,1609,4.67,$147.01 
145,GeForce GT 635,810,1489,12.1,$66.94 
146,GeForce GT 640,1168,1269,10.62,$109.99 
147,GeForce GT 640M LE,698,1600,0.82,$849.99 
148,GeForce GT 705,369,1979,1.25,$296.76 
149,GeForce GT 710,619,1687,2.48,$249.99 
150,GeForce GT 720,659,1632,6.6,$99.99 
151,GeForce GT 730,823,1473,8.1,$101.71 
152,GeForce GT 740,1425,1183,6.02,$236.99 
153,GeForce GT 1030,2400,837,19.12,$125.55 
154,GeForce GTS 240,515,1830,7.93,$64.99 
155,GeForce GTS 250,567,1757,6.59,$86.06 
156,GeForce GTS 450,1339,1206,9.98,$134.23 
157,GeForce GTX 260,1201,1257,4.2,$285.78 
158,GeForce GTX 275,1351,1201,3.13,$431.72 
159,GeForce GTX 280,1285,1219,2.46,$522.78 
160,GeForce GTX 285,1475,1165,12.29,$119.99 
161,GeForce GTX 295,1220,1247,7.63,$159.99 
162,GeForce GTX 460,2271,876,25.24,$89.99 
163,GeForce GTX 460 SE,1992,965,12.45,$159.99 
164,GeForce GTX 460 v2,2074,934,10.37,$199.99 
165,GeForce GTX 465,2656,793,13.62,$195.00 
166,GeForce GTX 470,3159,723,52.67,$59.99 
167,GeForce GTX 480,4078,607,23.99,$169.99 
168,GeForce GTX 550 Ti,1553,1135,15.54,$99.99 
169,GeForce GTX 560,2772,772,13.53,$205.00 
170,GeForce GTX 560 SE,1847,1018,20.53,$89.99 
171,GeForce GTX 560 Ti,3076,736,23.67,$129.99 
172,GeForce GTX 570,3929,617,26.2,$149.99 
173,GeForce GTX 580,4630,562,9.48,$488.59 
174,GeForce GTX 580M,1771,1045,7.12,$248.68 
175,GeForce GTX 590,3341,691,7.68,$435.00 
176,GeForce GTX 650,1757,1050,12.22,$143.80 
177,GeForce GTX 650 Ti,2530,821,27.2,$93.05 
178,GeForce GTX 660,4042,610,24.07,$167.95 
179,GeForce GTX 660 Ti,4414,585,30.66,$144.00 
180,GeForce GTX 660M,1453,1171,18.4,$78.99 
181,GeForce GTX 670,5360,494,27.63,$193.98 
182,GeForce GTX 680,5607,470,14.06,$399.00 
183,GeForce GTX 680M,3276,701,24.09,$135.99 
184,GeForce GTX 690,5535,481,19.7,$280.99 
185,GeForce GTX 745,2121,925,7.44,$284.95 
186,GeForce GTX 750,3310,697,24.47,$135.29 
187,GeForce GTX 750 Ti,3901,622,44.28,$88.11 
188,GeForce GTX 760,4816,547,32.33,$149.00 
189,GeForce GTX 760 Ti,5306,502,17.84,$297.50 
190,GeForce GTX 765M,2008,954,10.78,$186.30 
191,GeForce GTX 770,5966,450,23.96,$249.00 
192,GeForce GTX 770M,2789,771,20.21,$138.00 
193,GeForce GTX 780,7949,359,28.39,$279.99 
194,GeForce GTX 780 Ti,9468,313,27.85,$339.99 
195,GeForce GTX 780M,3866,630,7.75,$499.00 
196,GeForce GTX 860M,3096,734,27.16,$114.00 
197,GeForce GTX 950,5355,495,37.72,$141.99 
198,GeForce GTX 950M,2570,808,4.53,$567.00 
199,GeForce GTX 960,6135,440,35.67,$172.00 
200,GeForce GTX 960M,3371,685,2.88,"$1,169.00 "
201,GeForce GTX 970,9637,303,40.5,$237.99 
202,GeForce GTX 970M,5704,465,27.16,$209.99 
203,GeForce GTX 980,11068,272,44.75,$247.35 
204,GeForce GTX 980 Ti,13693,196,21.24,$644.61 
205,GeForce GTX 980M,7368,384,25.41,$289.99 
206,GeForce GTX 1050,5043,527,21.1,$239.00 
207,GeForce GTX 1050 Ti,6354,425,16.23,$391.63 
208,GeForce GTX 1060,10059,294,31.44,$319.99 
209,GeForce GTX 1060 3GB,9824,297,37.79,$259.99 
210,GeForce GTX 1060 5GB,9205,322,18.86,$487.99 
211,GeForce GTX 1070,13510,203,27.16,$497.48 
212,GeForce GTX 1070 Ti,14663,177,25.73,$569.99 
213,GeForce GTX 1080,15615,154,35.27,$442.79 
214,GeForce GTX 1080 Ti,18595,111,38.43,$483.82 
215,GeForce GTX 1630,4995,532,26.3,$189.99 
216,GeForce GTX 1650,7869,363,28.78,$273.45 
217,GeForce GTX 1650 SUPER,10186,288,42.44,$239.99 
218,GeForce GTX 1660,11630,258,59.36,$195.94 
219,GeForce GTX 1660 SUPER,12689,227,53.81,$235.84 
220,GeForce GTX 1660 Ti,12704,225,56.54,$224.69 
221,GeForce GTX Titan,8184,350,10.99,$745.00 
222,GeForce GTX TITAN Black,9191,323,7.26,"$1,265.71 "
223,GeForce GTX TITAN X,12570,232,11.46,"$1,096.99 "
224,GeForce GTX TITAN Z,8896,331,5.87,"$1,515.00 "
225,GeForce MX150,2256,884,38.05,$59.29 
226,GeForce RTX 2060,14113,185,43.86,$321.75 
227,GeForce RTX 2060 SUPER,16486,138,39.43,$418.15 
228,GeForce RTX 2070,16061,145,41.24,$389.46 
229,GeForce RTX 2070 SUPER,18147,113,33.61,$539.99 
230,GeForce RTX 2080,18646,108,23.29,$800.61 
231,GeForce RTX 2080 SUPER,19460,100,28.41,$684.86 
232,GeForce RTX 2080 Ti,21494,78,16.53,"$1,299.99 "
233,GeForce RTX 2080 with Max-Q Design,12723,222,6.06,"$2,099.99 "
234,GeForce RTX 3050 4GB Laptop GPU,9499,308,35.19,$269.99 
235,GeForce RTX 3050 6GB,10753,279,55.15,$194.99 
236,GeForce RTX 3050 8GB,12511,233,59.58,$209.99 
237,GeForce RTX 3050 OEM,11906,248,36.5,$326.20 
238,GeForce RTX 3060 12GB,16761,133,53.41,$313.82 
239,GeForce RTX 3060 Laptop GPU,13164,215,42.47,$309.99 
240,GeForce RTX 3060 Ti,20294,85,29.63,$684.87 
241,GeForce RTX 3070,22150,72,54.02,$410.05 
242,GeForce RTX 3070 Ti,23292,57,33.28,$699.99 
243,GeForce RTX 3080,25042,47,21.06,"$1,189.00 "
244,GeForce RTX 3080 Ti,26802,39,24.62,"$1,088.77 "
245,GeForce RTX 3090,26576,42,17.85,"$1,488.57 "
246,GeForce RTX 3090 Ti,29359,23,14.75,"$1,990.00 "
247,GeForce RTX 4060,19537,98,65.13,$299.99 
248,GeForce RTX 4060 Ti,22622,69,50.27,$449.99 
249,GeForce RTX 4060 Ti 16GB,22700,67,49.35,$459.99 
250,GeForce RTX 4070,26911,37,32.42,$830.19 
251,GeForce RTX 4070 SUPER,29960,22,39.75,$753.70 
252,GeForce RTX 4070 Ti,31579,16,37.15,$849.99 
253,GeForce RTX 4070 Ti SUPER,31823,14,18.71,"$1,701.19 "
254,GeForce RTX 4080,34453,8,23,"$1,498.07 "
255,GeForce RTX 4080 SUPER,34227,9,31.12,"$1,099.99 "
256,GeForce RTX 4090,38103,5,16.2,"$2,352.33 "
257,GeForce RTX 5050,17316,121,69.27,$249.99 
258,GeForce RTX 5060,20785,82,71.68,$289.99 
259,GeForce RTX 5060 Ti 8GB,22527,70,64.36,$349.99 
260,GeForce RTX 5060 Ti 16GB,22711,66,50.47,$449.99 
261,GeForce RTX 5070,28804,26,52.37,$549.99 
262,GeForce RTX 5070 Ti,32462,13,32.46,$999.99 
263,GeForce RTX 5080,35763,7,25.89,"$1,381.48 "
264,GeForce RTX 5090,38860,4,10.45,"$3,719.99 "
265,GRID K1,650,1645,1.65,$395.00 
266,GRID K2,2736,778,2.05,"$1,331.97 "
267,GRID K520,3516,673,23.44,$149.99 
268,GT 430,223,2122,1.56,$142.88 
269,Intel Arc,5492,486,27.46,$199.99 
270,Intel Arc A310,5440,491,45.47,$119.63 
271,Intel Arc A380,6296,428,41.98,$149.99 
272,Intel Arc A580,12072,243,67.07,$179.99 
273,Intel Arc A750,12613,231,51.2,$246.36 
274,Intel Arc A770,13335,211,31.74,$420.20 
275,Intel Arc B580,15916,148,63.92,$249.00 
276,Intel HD 3000,261,2087,0.28,$945.00 
277,Intel HD 4000,343,2000,0.22,"$1,592.95 "
278,Intel HD 5000,586,1728,0.94,$625.00 
279,ION,108,2339,0.47,$229.99 
280,Matrox Parhelia 128MB,3,2766,0.01,$393.99 
281,Mobile Intel HD,244,2102,0.51,$479.98 
282,Mobility Radeon HD 3650,139,2249,1.9,$73.53 
283,Mobility Radeon HD 4570,149,2219,1.97,$75.90 
284,NVIDIA TITAN X,13659,199,22.46,$608.10 
285,NVIDIA TITAN Xp,18761,107,11.41,"$1,645.00 "
286,NVS 300,120,2300,1.92,$62.97 
287,NVS 310,283,2061,3.13,$90.71 
288,NVS 315,338,2007,4.83,$69.99 
289,NVS 510,678,1620,6.05,$111.99 
290,NVS 810,1189,1260,1.9,$624.99 
291,NVS 4200M,310,2042,0.78,$399.00 
292,P104-100,3677,656,12.26,$299.99 
293,Quadro4 980 XGL,5,2714,0.01,$341.43 
294,Quadro 400,148,2221,0.7,$211.00 
295,Quadro 410,429,1926,3.33,$129.00 
296,Quadro 500M,570,1752,2.07,$275.14 
297,Quadro 600,520,1820,6.85,$76.00 
298,Quadro 1000M,553,1778,10.16,$54.50 
299,Quadro 2000,945,1390,4.44,$213.23 
300,Quadro 2000D,980,1366,1.73,$566.12 
301,Quadro 2000M,757,1541,3.3,$229.74 
302,Quadro 3000M,1005,1348,14.37,$69.99 
303,Quadro 4000,1473,1166,2.98,$495.00 
304,Quadro 4000M,1287,1218,5.55,$232.06 
305,Quadro 5000,1963,976,0.9,"$2,170.44 "
306,Quadro 5010M,1691,1071,7.17,$235.95 
307,Quadro 6000,2692,788,0.66,"$4,092.38 "
308,Quadro CX,947,1386,6.32,$149.95 
309,Quadro FX 370,83,2405,0.67,$125.00 
310,Quadro FX 380,206,2145,1.02,$201.63 
311,Quadro FX 540,80,2419,1.35,$59.99 
312,Quadro FX 550,63,2463,0.22,$287.82 
313,Quadro FX 560,113,2321,0.76,$150.25 
314,Quadro FX 570,257,2092,2.24,$115.00 
315,Quadro FX 580,188,2172,1.45,$130.00 
316,Quadro FX 770M,212,2135,0.4,$527.00 
317,Quadro FX 1100,35,2563,0.17,$212.99 
318,Quadro FX 1400,124,2292,0.51,$245.01 
319,Quadro FX 1500,169,2194,0.36,$474.32 
320,Quadro FX 1600M,194,2161,1.3,$149.90 
321,Quadro FX 1700,211,2138,0.6,$350.14 
322,Quadro FX 1800,395,1956,2.93,$135.00 
323,Quadro FX 2500M,217,2129,12.45,$17.50 
324,Quadro FX 2700M,366,1982,3.67,$99.95 
325,Quadro FX 2800M,414,1941,2.18,$190.00 
326,Quadro FX 3000,69,2449,0.41,$166.61 
327,Quadro FX 3450,148,2220,1.24,$119.99 
328,Quadro FX 3500,265,2082,3.84,$68.98 
329,Quadro FX 3500M,306,2043,3.06,$99.99 
330,Quadro FX 3700,371,1978,1.74,$213.27 
331,Quadro FX 3700M,450,1905,0.49,$925.00 
332,Quadro FX 3800,823,1474,3.18,$259.13 
333,Quadro FX 4500,227,2116,1.34,$169.00 
334,Quadro FX 4600,402,1950,1.21,$333.25 
335,Quadro FX 4800,1007,1346,0.61,"$1,660.81 "
336,Quadro FX 5500,242,2104,0.12,"$1,999.00 "
337,Quadro FX 5600,525,1815,1.78,$295.00 
338,Quadro FX 5800,1210,1251,4.42,$274.00 
339,Quadro GV100,18880,104,2.1,"$8,999.00 "
340,Quadro K420,724,1574,2.69,$269.00 
341,Quadro K600,721,1578,11.97,$60.24 
342,Quadro K610M,712,1590,2.97,$240.00 
343,Quadro K620,2210,900,1.09,"$2,029.99 "
344,Quadro K1000M,753,1546,10.77,$69.95 
345,Quadro K1100M,1088,1301,3.37,$322.99 
346,Quadro K1200,2961,749,10.38,$285.29 
347,Quadro K2000,1582,1124,5.38,$294.00 
348,Quadro K2000D,1606,1109,4.73,$339.99 
349,Quadro K2000M,998,1357,6.94,$144.04 
350,Quadro K2100M,1370,1193,3.3,$415.99 
351,Quadro K2200,3581,662,13.35,$268.30 
352,Quadro K2200M,3533,669,28.28,$124.95 
353,Quadro K3000M,1619,1100,3.97,$407.56 
354,Quadro K3100M,2282,873,5.71,$399.95 
355,Quadro K4000,2716,785,10.06,$270.00 
356,Quadro K4000M,2049,942,8.07,$254.00 
357,Quadro K4100M,2802,769,10.73,$261.29 
358,Quadro K4200,4335,594,17.41,$249.00 
359,Quadro K5000,3995,615,16.05,$249.00 
360,Quadro K5000M,2804,768,5.51,$508.91 
361,Quadro K5100M,3275,702,2.95,"$1,108.84 "
362,Quadro K5200,6164,438,14.85,$415.00 
363,Quadro K6000,8006,357,38.01,$210.66 
364,Quadro M600M,2240,890,8.89,$251.99 
365,Quadro M1000M,2834,763,32.96,$85.99 
366,Quadro M2000,4030,611,15.25,$264.24 
367,Quadro M2000M,3407,684,15.99,$213.16 
368,Quadro M2200,4290,597,17.16,$249.99 
369,Quadro M3000M,5541,479,34.64,$159.95 
370,Quadro M4000,6669,406,29.12,$229.00 
371,Quadro M4000M,6074,444,23.83,$254.91 
372,Quadro M5000,9401,314,18.84,$499.00 
373,Quadro M5000M,7076,391,12.94,$546.92 
374,Quadro M6000,11767,253,2.39,"$4,933.21 "
375,Quadro NVS 280 PCI,8,2670,0.06,$130.00 
376,Quadro NVS 285,44,2526,0.26,$169.86 
377,Quadro NVS 285 128MB,38,2549,0.7,$55.00 
378,Quadro NVS 290,228,2115,3.86,$59.00 
379,Quadro NVS 295,113,2322,1.81,$63.00 
380,Quadro NVS 420,137,2256,0.91,$150.00 
381,Quadro NVS 440,37,2554,0.16,$228.87 
382,Quadro NVS 450,66,2455,0.14,$489.24 
383,Quadro P400,1660,1084,8.25,$201.17 
384,Quadro P520,2021,952,1.35,"$1,499.00 "
385,Quadro P600,3324,694,15.79,$210.58 
386,Quadro P620,3700,647,6.44,$574.55 
387,Quadro P1000,4495,572,15.5,$289.99 
388,Quadro P2000,6979,395,15.88,$439.60 
389,Quadro P2200,9397,315,20.44,$459.80 
390,Quadro P3200,8551,338,21.97,$389.30 
391,Quadro P4000,11445,265,20.58,$556.19 
392,Quadro P5000,12681,228,6.79,"$1,868.99 "
393,Quadro P6000,15527,157,4.78,"$3,250.00 "
394,Quadro RTX 4000,14904,172,16.58,$899.00 
395,Quadro RTX 6000,17844,116,2.83,"$6,300.00 "
396,Quadro RTX 8000,19911,93,5.3,"$3,760.00 "
397,Quadro T1000,6499,419,17.57,$369.99 
398,Quadro T2000,7285,387,13.79,$528.35 
399,Radeon 520,877,1432,9.75,$89.99 
400,Radeon 550,2127,923,29.39,$72.37 
401,Radeon 2100,59,2470,0.31,$190.99 
402,Radeon 3000,98,2366,0.31,$319.00 
403,Radeon 3100,73,2431,0.39,$189.15 
404,RADEON 7200,2,2783,0,$599.99 
405,RADEON 7500,3,2773,0.02,$177.25 
406,RADEON 9200,3,2759,0.02,$153.63 
407,RADEON 9250,2,2792,0.01,$194.00 
408,RADEON 9500,36,2560,0.9,$40.50 
409,RADEON 9550,34,2568,0.12,$291.74 
410,RADEON 9800,57,2479,0.18,$325.00 
411,Radeon E6760,850,1451,3.54,$239.99 
412,Radeon HD4650,239,2105,1.57,$152.90 
413,RADEON HD7450,199,2154,8.95,$22.25 
414,Radeon HD 2400,120,2302,1.37,$88.20 
415,Radeon HD 2600 PRO,211,2139,1.12,$188.44 
416,Radeon HD 2600 XT,282,2062,1.78,$159.00 
417,Radeon HD 3450,178,2181,2.01,$89.00 
418,Radeon HD 3470,117,2309,1.07,$109.65 
419,Radeon HD 3650 AGP,150,2218,0.81,$185.00 
420,Radeon HD 3870,551,1780,2.23,$247.49 
421,Radeon HD 4350,164,2205,3.23,$50.99 
422,Radeon HD 4550,235,2111,1.51,$156.00 
423,Radeon HD 4650,248,2098,3.55,$69.99 
424,Radeon HD 4670,381,1968,2.67,$142.96 
425,Radeon HD 4770,908,1409,7.28,$124.86 
426,Radeon HD 4830,865,1440,14.43,$59.99 
427,Radeon HD 4850,946,1387,6.76,$139.99 
428,Radeon HD 4870,1386,1189,8.52,$162.68 
429,Radeon HD 4890,1545,1136,17.18,$89.99 
430,Radeon HD 5450,136,2259,1.96,$69.64 
431,Radeon HD 5550,383,1963,6.97,$54.99 
432,Radeon HD 5570,476,1878,2.94,$162.35 
433,Radeon HD 5670,796,1498,8.6,$92.61 
434,Radeon HD 5750,1171,1267,10.26,$114.18 
435,Radeon HD 5770,1348,1202,7.1,$189.99 
436,Radeon HD 5830,1726,1060,6.67,$258.99 
437,Radeon HD 5850,1948,981,6.74,$288.99 
438,Radeon HD 5870,2179,909,5.07,$429.99 
439,Radeon HD 5970,2290,871,3.18,$721.20 
440,Radeon HD 6320,147,2225,0.27,$554.99 
441,RADEON HD 6350,140,2244,2.39,$59.00 
442,Radeon HD 6380G,200,2151,0.5,$399.99 
443,Radeon HD 6450,197,2156,2.22,$89.00 
444,Radeon HD 6470M,225,2118,0.4,$569.99 
445,Radeon HD 6490M,377,1970,0.32,"$1,193.03 "
446,Radeon HD 6570,554,1776,8.54,$64.99 
447,Radeon HD 6670,729,1569,10.58,$68.99 
448,Radeon HD 6750,1042,1331,13.03,$79.99 
449,Radeon HD 6770,1275,1224,4.81,$264.99 
450,Radeon HD 6790,1566,1132,5.33,$294.00 
451,Radeon HD 6850,1937,984,9.19,$210.92 
452,Radeon HD 6870,2203,903,8.13,$271.22 
453,Radeon HD 6950,2595,804,18.54,$139.99 
454,Radeon HD 6970,2830,764,18.87,$149.99 
455,Radeon HD 6970M,2270,877,10.51,$215.99 
456,Radeon HD 6990,3118,730,6.26,$498.49 
457,Radeon HD 7340,153,2213,0.28,$552.69 
458,Radeon HD 7450,223,2120,4.47,$49.99 
459,Radeon HD 7470,289,2054,3.55,$81.37 
460,Radeon HD 7570,616,1690,6.02,$102.49 
461,Radeon HD 7650A,555,1775,2.12,$262.00 
462,Radeon HD 7670M,481,1867,0.76,$629.99 
463,Radeon HD 7730,1163,1274,5,$232.70 
464,Radeon HD 7750,1702,1065,8.87,$191.99 
465,Radeon HD 7770,2173,911,7.24,$300.00 
466,Radeon HD 7790,3090,735,22.07,$139.99 
467,Radeon HD 7850,3897,623,22.76,$171.24 
468,Radeon HD 7870,4564,564,25.93,$176.00 
469,Radeon HD 7950 / R9 280,4764,553,19.78,$240.83 
470,Radeon HD 7970 / R9 280X,5247,505,21.25,$246.99 
471,Radeon HD 7990,5565,475,13.91,$399.99 
472,Radeon HD 8350,162,2210,1.63,$99.81 
473,Radeon HD 8490,263,2084,2.93,$89.99 
474,Radeon HD 8570,942,1394,9.55,$98.68 
475,Radeon HD 8970M,3876,626,27.69,$139.99 
476,Radeon Pro,2365,847,5.52,$429.00 
477,Radeon Pro 455,3112,731,6.93,$449.00 
478,Radeon Pro 555,3140,726,2.99,"$1,049.00 "
479,Radeon Pro Duo,8298,347,2.09,"$3,970.36 "
480,Radeon Pro SSG,10971,276,4.55,"$2,410.15 "
481,Radeon Pro W5500,8933,330,21.79,$409.99 
482,Radeon Pro W5700,14144,183,21.76,$649.99 
483,Radeon PRO W6800,20239,87,10.94,"$1,849.99 "
484,Radeon Pro WX 3200,2222,895,11.67,$190.37 
485,Radeon Pro WX 4100,3684,653,7.37,$499.99 
486,Radeon Pro WX 4150,2555,810,4.19,$610.04 
487,Radeon Pro WX 5100,5464,489,15.18,$359.99 
488,Radeon Pro WX 7100,7711,370,7.36,"$1,047.99 "
489,Radeon Pro WX 8200,12614,230,7.89,"$1,599.39 "
490,Radeon R4,347,1997,0.88,$396.99 
491,Radeon R5 220,147,2226,1.73,$85.26 
492,Radeon R5 230,221,2123,2.74,$81.10 
493,Radeon R5 235,336,2009,5.59,$60.13 
494,Radeon R5 240,558,1767,6.58,$85.00 
495,Radeon R5 310,331,2015,0.66,$499.00 
496,Radeon R5 330,522,1818,1.54,$339.99 
497,Radeon R5 420,574,1749,14.39,$39.95 
498,Radeon R5 430,884,1429,15,$59.00 
499,Radeon R7 240,906,1411,10.73,$84.56 
500,Radeon R7 250,1054,1322,10.55,$99.99 
501,Radeon R7 250X,2268,879,11.7,$194.00 
502,Radeon R7 260,2891,756,32.13,$89.99 
503,Radeon R7 260X,3201,715,22.87,$139.99 
504,Radeon R7 360,3123,728,21.4,$145.99 
505,Radeon R7 430,1086,1303,7.22,$150.58 
506,Radeon R7 450,1881,1001,6.29,$299.00 
507,Radeon R7 A12-9700P RADEON,680,1614,1.56,$435.92 
508,Radeon R7 A12-9720P RADEON,733,1566,2.01,$365.48 
509,Radeon R7 A12-9800E RADEON,942,1393,6.77,$139.19 
510,Radeon R7 FX-9800P RADEON,752,1548,1.42,$530.00 
511,Radeon R7 M260,528,1810,0.66,$799.00 
512,Radeon R7 M445,947,1385,1.27,$744.00 
513,Radeon R7 PRO A10-9700E,920,1403,1.74,$529.00 
514,Radeon R9 255,1364,1196,3.97,$344.16 
515,Radeon R9 270 / R7 370,4259,599,19.98,$213.16 
516,Radeon R9 270X,4875,543,14.93,$326.50 
517,Radeon R9 285 / 380,5549,477,11.44,$485.00 
518,Radeon R9 290 / 390,8150,354,21.45,$380.00 
519,Radeon R9 290X / 390X,8380,344,26.19,$319.99 
520,Radeon R9 295X2,8777,336,17.59,$499.10 
521,Radeon R9 350,1997,959,6.68,$299.00 
522,Radeon R9 360,3031,742,22.64,$133.89 
523,Radeon R9 370,4722,559,29.51,$159.99 
524,Radeon R9 380,5985,449,66.51,$89.99 
525,Radeon R9 380X,6132,441,17.52,$349.99 
526,Radeon R9 Fury,9513,307,21.47,$443.10 
527,Radeon R9 Fury + Fury X,9741,300,21.65,$449.99 
528,Radeon R9 M275,1114,1289,1.59,$699.99 
529,Radeon R9 M295X,5150,515,3.55,"$1,449.00 "
530,Radeon R9 M370X,1570,1130,1.77,$889.00 
531,Radeon RX 460,4100,605,24.58,$166.81 
532,Radeon RX 470/570,7928,360,20.38,$388.99 
533,Radeon RX 480,8537,339,25.11,$339.99 
534,Radeon RX 550,2680,792,15.77,$169.99 
535,Radeon RX 560,3683,654,15.1,$243.93 
536,Radeon RX 570X,1923,987,6.25,$307.96 
537,Radeon RX 580,8794,335,54.97,$159.99 
538,Radeon RX 590,9303,320,16.92,$549.99 
539,Radeon RX 5500 XT,9079,328,50.08,$181.29 
540,Radeon RX 5600 XT,13428,206,43.31,$310.05 
541,Radeon RX 5700,14277,182,46.06,$309.99 
542,Radeon RX 5700 XT,16136,144,33.04,$488.33 
543,Radeon RX 6400,7742,368,36.44,$212.47 
544,Radeon RX 6500 XT,9625,304,51.36,$187.43 
545,Radeon RX 6600,15081,166,57.48,$262.39 
546,Radeon RX 6600 XT,16443,139,36.54,$449.99 
547,Radeon RX 6600M,13934,189,38.65,$360.51 
548,Radeon RX 6650 XT,17130,125,51.91,$329.99 
549,Radeon RX 6700 XT,19745,95,20.57,$959.99 
550,Radeon RX 6700M,13591,201,50.34,$269.99 
551,Radeon RX 6700S,15083,165,50.28,$299.99 
552,Radeon RX 6750 XT,20702,83,37.9,$546.29 
553,Radeon RX 6800,22035,74,50.09,$439.94 
554,Radeon RX 6800 XT,24995,48,39.06,$639.99 
555,Radeon RX 6900 XT,26712,40,17.69,"$1,509.67 "
556,Radeon RX 6950 XT,28084,29,28.57,$982.87 
557,Radeon RX 7600,16555,137,60.21,$274.99 
558,Radeon RX 7600 XT,17276,122,43.96,$392.99 
559,Radeon RX 7700 XT,22645,68,53.17,$425.90 
560,Radeon RX 7800 XT,24297,52,40.5,$599.99 
561,Radeon RX 7900 GRE,27276,33,50.51,$539.99 
562,Radeon RX 7900 XT,28965,24,41.98,$689.98 
563,Radeon RX 7900 XTX,31326,18,34.81,$899.99 
564,Radeon RX 9060 XT 8GB,19889,94,64.16,$309.99 
565,Radeon RX 9060 XT 16GB,20027,91,50.07,$399.99 
566,Radeon RX 9070,25427,44,40.34,$630.33 
567,Radeon RX 9070 XT,26867,38,37.32,$719.99 
568,Radeon RX Vega 11,2090,933,2.09,"$1,002.00 "
569,Radeon RX Vega 56,13007,218,17.27,$752.99 
570,Radeon RX Vega 64,13916,190,18.56,$749.99 
571,Radeon Vega 3,891,1423,0.33,"$2,677.99 "
572,Radeon Vega 6,1308,1213,0.73,"$1,799.99 "
573,Radeon Vega 8,1568,1131,12.36,$126.86 
574,Radeon Vega Frontier Edition,12707,224,7.56,"$1,679.99 "
575,Radeon VII,16263,141,8.56,"$1,899.95 "
576,RADEON X600 PRO,67,2454,0.42,$160.49 
577,RADEON X600 SE,49,2507,0.87,$56.18 
578,Radeon X1300,58,2477,0.61,$95.78 
579,Radeon X1550,66,2458,0.43,$155.00 
580,Radeon X1650 Pro,84,2399,0.53,$160.89 
581,RTX A400,5992,447,28,$213.99 
582,RTX A1000,10804,277,20.78,$519.99 
583,RTX A2000,13424,207,23.35,$574.99 
584,RTX A4000,19471,99,18.67,"$1,042.99 "
585,RTX A4500,21112,80,12.06,"$1,749.99 "
586,RTX A5000,22961,62,10.3,"$2,229.99 "
587,RTX A5500,21334,79,9.83,"$2,169.99 "
588,RTX A6000,22798,64,5.55,"$4,109.99 "
589,T400,3619,659,23.82,$151.99 
590,T600,6368,424,26.54,$239.99 
591,T1000,7642,377,14.57,$524.53 
592,Tesla C2050,3175,717,11.76,$269.99 
593,Tesla C2070,3120,729,5.17,$604.00 
594,Tesla C2075,3016,744,4.67,$646.00 
595,Tesla K20Xm,4403,587,0.57,"$7,699.00 "
596,Tesla K80,5688,466,9.58,$593.95 
597,Tesla M6,6224,433,31.28,$199.00 
598,Tesla M10,3199,716,1.19,"$2,695.00 "
599,Tesla M40,10219,287,17.03,$600.00 
600,Tesla M60,7002,394,8.89,$787.90 
601,Tesla P100-PCIE-16GB,11813,252,2.07,"$5,699.00 "
602,Tesla T4,10152,290,2.27,"$4,466.65 "
603,TITAN RTX,20116,89,8.05,"$2,499.00 "
604,TITAN V,20065,90,10.03,"$1,999.99 "